-- phpMyAdmin SQL Dump
-- version 4.1.14
-- http://www.phpmyadmin.net
--
-- Host: 127.0.0.1
-- Generation Time: May 18, 2018 at 07:01 AM
-- Server version: 5.6.17
-- PHP Version: 7.1.4

SET SQL_MODE = "NO_AUTO_VALUE_ON_ZERO";
SET time_zone = "+00:00";


/*!40101 SET @OLD_CHARACTER_SET_CLIENT=@@CHARACTER_SET_CLIENT */;
/*!40101 SET @OLD_CHARACTER_SET_RESULTS=@@CHARACTER_SET_RESULTS */;
/*!40101 SET @OLD_COLLATION_CONNECTION=@@COLLATION_CONNECTION */;
/*!40101 SET NAMES utf8 */;

--
-- Database: `flatlayapi`
--

-- --------------------------------------------------------

--
-- Table structure for table `tbl_category`
--

CREATE TABLE IF NOT EXISTS `tbl_category` (
  `CategoryID` int(11) NOT NULL AUTO_INCREMENT,
  `CategoryName` varchar(255) NOT NULL,
  `CreateDate` datetime NOT NULL,
  `UpdateDate` datetime NOT NULL,
  PRIMARY KEY (`CategoryID`)
) ENGINE=InnoDB  DEFAULT CHARSET=latin1 AUTO_INCREMENT=3 ;

--
-- Dumping data for table `tbl_category`
--

INSERT INTO `tbl_category` (`CategoryID`, `CategoryName`, `CreateDate`, `UpdateDate`) VALUES
(1, 'Fitness', '0000-00-00 00:00:00', '0000-00-00 00:00:00'),
(2, 'Food', '0000-00-00 00:00:00', '0000-00-00 00:00:00');

-- --------------------------------------------------------

--
-- Table structure for table `tbl_country`
--

CREATE TABLE IF NOT EXISTS `tbl_country` (
  `CountryID` int(11) NOT NULL AUTO_INCREMENT,
  `CountryName` varchar(64) NOT NULL,
  `CountryCode` varchar(2) NOT NULL,
  `CreateDate` datetime NOT NULL,
  `UpdateDate` datetime NOT NULL,
  PRIMARY KEY (`CountryID`)
) ENGINE=InnoDB  DEFAULT CHARSET=latin1 AUTO_INCREMENT=517 ;

--
-- Dumping data for table `tbl_country`
--

INSERT INTO `tbl_country` (`CountryID`, `CountryName`, `CountryCode`, `CreateDate`, `UpdateDate`) VALUES
(38, 'Canada', 'CA', '0000-00-00 00:00:00', '0000-00-00 00:00:00'),
(224, 'United States', 'US', '0000-00-00 00:00:00', '0000-00-00 00:00:00'),
(246, 'United Kingdom', 'UK', '0000-00-00 00:00:00', '0000-00-00 00:00:00'),
(262, 'Afghanistan', 'AF', '0000-00-00 00:00:00', '0000-00-00 00:00:00'),
(263, 'Aland Islands', 'AX', '0000-00-00 00:00:00', '0000-00-00 00:00:00'),
(264, 'Albania', 'AL', '0000-00-00 00:00:00', '0000-00-00 00:00:00'),
(265, 'Algeria', 'DZ', '0000-00-00 00:00:00', '0000-00-00 00:00:00'),
(266, 'American Samoa', 'AS', '0000-00-00 00:00:00', '0000-00-00 00:00:00'),
(267, 'Andorra', 'AD', '0000-00-00 00:00:00', '0000-00-00 00:00:00'),
(268, 'Angola', 'AO', '0000-00-00 00:00:00', '0000-00-00 00:00:00'),
(269, 'Anguilla', 'AI', '0000-00-00 00:00:00', '0000-00-00 00:00:00'),
(270, 'Antarctica', 'AQ', '0000-00-00 00:00:00', '0000-00-00 00:00:00'),
(271, 'Antigua and Barbuda', 'AG', '0000-00-00 00:00:00', '0000-00-00 00:00:00'),
(272, 'Argentina', 'AR', '0000-00-00 00:00:00', '0000-00-00 00:00:00'),
(273, 'Armenia', 'AM', '0000-00-00 00:00:00', '0000-00-00 00:00:00'),
(274, 'Aruba', 'AW', '0000-00-00 00:00:00', '0000-00-00 00:00:00'),
(275, 'Australia', 'AU', '0000-00-00 00:00:00', '0000-00-00 00:00:00'),
(276, 'Austria', 'AT', '0000-00-00 00:00:00', '0000-00-00 00:00:00'),
(277, 'Azerbaijan', 'AZ', '0000-00-00 00:00:00', '0000-00-00 00:00:00'),
(278, 'Bahamas', 'BS', '0000-00-00 00:00:00', '0000-00-00 00:00:00'),
(279, 'Bahrain', 'BH', '0000-00-00 00:00:00', '0000-00-00 00:00:00'),
(280, 'Bangladesh', 'BD', '0000-00-00 00:00:00', '0000-00-00 00:00:00'),
(281, 'Barbados', 'BB', '0000-00-00 00:00:00', '0000-00-00 00:00:00'),
(282, 'Belarus', 'BY', '0000-00-00 00:00:00', '0000-00-00 00:00:00'),
(283, 'Belgium', 'BE', '0000-00-00 00:00:00', '0000-00-00 00:00:00'),
(284, 'Belize', 'BZ', '0000-00-00 00:00:00', '0000-00-00 00:00:00'),
(285, 'Benin', 'BJ', '0000-00-00 00:00:00', '0000-00-00 00:00:00'),
(286, 'Bermuda', 'BM', '0000-00-00 00:00:00', '0000-00-00 00:00:00'),
(287, 'Bhutan', 'BT', '0000-00-00 00:00:00', '0000-00-00 00:00:00'),
(288, 'Bolivia', 'BO', '0000-00-00 00:00:00', '0000-00-00 00:00:00'),
(289, 'Bosnia and Herzegovina', 'BA', '0000-00-00 00:00:00', '0000-00-00 00:00:00'),
(290, 'Botswana', 'BW', '0000-00-00 00:00:00', '0000-00-00 00:00:00'),
(291, 'Bouvet Island', 'BV', '0000-00-00 00:00:00', '0000-00-00 00:00:00'),
(292, 'Brazil', 'BR', '0000-00-00 00:00:00', '0000-00-00 00:00:00'),
(293, 'British Virgin Islands', 'VG', '0000-00-00 00:00:00', '0000-00-00 00:00:00'),
(294, 'British Indian Ocean Territory', 'IO', '0000-00-00 00:00:00', '0000-00-00 00:00:00'),
(295, 'Brunei Darussalam', 'BN', '0000-00-00 00:00:00', '0000-00-00 00:00:00'),
(296, 'Bulgaria', 'BG', '0000-00-00 00:00:00', '0000-00-00 00:00:00'),
(297, 'Burkina Faso', 'BF', '0000-00-00 00:00:00', '0000-00-00 00:00:00'),
(298, 'Burundi', 'BI', '0000-00-00 00:00:00', '0000-00-00 00:00:00'),
(299, 'Cambodia', 'KH', '0000-00-00 00:00:00', '0000-00-00 00:00:00'),
(300, 'Cameroon', 'CM', '0000-00-00 00:00:00', '0000-00-00 00:00:00'),
(301, 'Cape Verde', 'CV', '0000-00-00 00:00:00', '0000-00-00 00:00:00'),
(302, 'Cayman Islands', 'KY', '0000-00-00 00:00:00', '0000-00-00 00:00:00'),
(303, 'Central African Republic', 'CF', '0000-00-00 00:00:00', '0000-00-00 00:00:00'),
(304, 'Chad', 'TD', '0000-00-00 00:00:00', '0000-00-00 00:00:00'),
(305, 'Chile', 'CL', '0000-00-00 00:00:00', '0000-00-00 00:00:00'),
(306, 'China', 'CN', '0000-00-00 00:00:00', '0000-00-00 00:00:00'),
(307, 'Hong Kong, SAR China', 'HK', '0000-00-00 00:00:00', '0000-00-00 00:00:00'),
(308, 'Macao, SAR China', 'MO', '0000-00-00 00:00:00', '0000-00-00 00:00:00'),
(309, 'Christmas Island', 'CX', '0000-00-00 00:00:00', '0000-00-00 00:00:00'),
(310, 'Cocos (Keeling) Islands', 'CC', '0000-00-00 00:00:00', '0000-00-00 00:00:00'),
(311, 'Colombia', 'CO', '0000-00-00 00:00:00', '0000-00-00 00:00:00'),
(312, 'Comoros', 'KM', '0000-00-00 00:00:00', '0000-00-00 00:00:00'),
(313, 'Congo (Brazzaville)', 'CG', '0000-00-00 00:00:00', '0000-00-00 00:00:00'),
(314, 'Congo, (Kinshasa)', 'CD', '0000-00-00 00:00:00', '0000-00-00 00:00:00'),
(315, 'Cook Islands', 'CK', '0000-00-00 00:00:00', '0000-00-00 00:00:00'),
(316, 'Costa Rica', 'CR', '0000-00-00 00:00:00', '0000-00-00 00:00:00'),
(317, 'C̫te d''Ivoire', 'CI', '0000-00-00 00:00:00', '0000-00-00 00:00:00'),
(318, 'Croatia', 'HR', '0000-00-00 00:00:00', '0000-00-00 00:00:00'),
(319, 'Cuba', 'CU', '0000-00-00 00:00:00', '0000-00-00 00:00:00'),
(320, 'Cyprus', 'CY', '0000-00-00 00:00:00', '0000-00-00 00:00:00'),
(321, 'Czech Republic', 'CZ', '0000-00-00 00:00:00', '0000-00-00 00:00:00'),
(322, 'Denmark', 'DK', '0000-00-00 00:00:00', '0000-00-00 00:00:00'),
(323, 'Djibouti', 'DJ', '0000-00-00 00:00:00', '0000-00-00 00:00:00'),
(324, 'Dominica', 'DM', '0000-00-00 00:00:00', '0000-00-00 00:00:00'),
(325, 'Dominican Republic', 'DO', '0000-00-00 00:00:00', '0000-00-00 00:00:00'),
(326, 'Ecuador', 'EC', '0000-00-00 00:00:00', '0000-00-00 00:00:00'),
(327, 'Egypt', 'EG', '0000-00-00 00:00:00', '0000-00-00 00:00:00'),
(328, 'El Salvador', 'SV', '0000-00-00 00:00:00', '0000-00-00 00:00:00'),
(329, 'Equatorial Guinea', 'GQ', '0000-00-00 00:00:00', '0000-00-00 00:00:00'),
(330, 'Eritrea', 'ER', '0000-00-00 00:00:00', '0000-00-00 00:00:00'),
(331, 'Estonia', 'EE', '0000-00-00 00:00:00', '0000-00-00 00:00:00'),
(332, 'Ethiopia', 'ET', '0000-00-00 00:00:00', '0000-00-00 00:00:00'),
(333, 'Falkland Islands (Malvinas)', 'FK', '0000-00-00 00:00:00', '0000-00-00 00:00:00'),
(334, 'Faroe Islands', 'FO', '0000-00-00 00:00:00', '0000-00-00 00:00:00'),
(335, 'Fiji', 'FJ', '0000-00-00 00:00:00', '0000-00-00 00:00:00'),
(336, 'Finland', 'FI', '0000-00-00 00:00:00', '0000-00-00 00:00:00'),
(337, 'France', 'FR', '0000-00-00 00:00:00', '0000-00-00 00:00:00'),
(338, 'French Guiana', 'GF', '0000-00-00 00:00:00', '0000-00-00 00:00:00'),
(339, 'French Polynesia', 'PF', '0000-00-00 00:00:00', '0000-00-00 00:00:00'),
(340, 'French Southern Territories', 'TF', '0000-00-00 00:00:00', '0000-00-00 00:00:00'),
(341, 'Gabon', 'GA', '0000-00-00 00:00:00', '0000-00-00 00:00:00'),
(342, 'Gambia', 'GM', '0000-00-00 00:00:00', '0000-00-00 00:00:00'),
(343, 'Georgia', 'GE', '0000-00-00 00:00:00', '0000-00-00 00:00:00'),
(344, 'Germany', 'DE', '0000-00-00 00:00:00', '0000-00-00 00:00:00'),
(345, 'Ghana', 'GH', '0000-00-00 00:00:00', '0000-00-00 00:00:00'),
(346, 'Gibraltar', 'GI', '0000-00-00 00:00:00', '0000-00-00 00:00:00'),
(347, 'Greece', 'GR', '0000-00-00 00:00:00', '0000-00-00 00:00:00'),
(348, 'Greenland', 'GL', '0000-00-00 00:00:00', '0000-00-00 00:00:00'),
(349, 'Grenada', 'GD', '0000-00-00 00:00:00', '0000-00-00 00:00:00'),
(350, 'Guadeloupe', 'GP', '0000-00-00 00:00:00', '0000-00-00 00:00:00'),
(351, 'Guam', 'GU', '0000-00-00 00:00:00', '0000-00-00 00:00:00'),
(352, 'Guatemala', 'GT', '0000-00-00 00:00:00', '0000-00-00 00:00:00'),
(353, 'Guernsey', 'GG', '0000-00-00 00:00:00', '0000-00-00 00:00:00'),
(354, 'Guinea', 'GN', '0000-00-00 00:00:00', '0000-00-00 00:00:00'),
(355, 'Guinea-Bissau', 'GW', '0000-00-00 00:00:00', '0000-00-00 00:00:00'),
(356, 'Guyana', 'GY', '0000-00-00 00:00:00', '0000-00-00 00:00:00'),
(357, 'Haiti', 'HT', '0000-00-00 00:00:00', '0000-00-00 00:00:00'),
(358, 'Heard and Mcdonald Islands', 'HM', '0000-00-00 00:00:00', '0000-00-00 00:00:00'),
(359, 'Holy See (Vatican City State)', 'VA', '0000-00-00 00:00:00', '0000-00-00 00:00:00'),
(360, 'Honduras', 'HN', '0000-00-00 00:00:00', '0000-00-00 00:00:00'),
(361, 'Hungary', 'HU', '0000-00-00 00:00:00', '0000-00-00 00:00:00'),
(362, 'Iceland', 'IS', '0000-00-00 00:00:00', '0000-00-00 00:00:00'),
(363, 'India', 'IN', '0000-00-00 00:00:00', '0000-00-00 00:00:00'),
(364, 'Indonesia', 'ID', '0000-00-00 00:00:00', '0000-00-00 00:00:00'),
(365, 'Iran, Islamic Republic of', 'IR', '0000-00-00 00:00:00', '0000-00-00 00:00:00'),
(366, 'Iraq', 'IQ', '0000-00-00 00:00:00', '0000-00-00 00:00:00'),
(367, 'Ireland', 'IE', '0000-00-00 00:00:00', '0000-00-00 00:00:00'),
(368, 'Isle of Man', 'IM', '0000-00-00 00:00:00', '0000-00-00 00:00:00'),
(369, 'Israel', 'IL', '0000-00-00 00:00:00', '0000-00-00 00:00:00'),
(370, 'Italy', 'IT', '0000-00-00 00:00:00', '0000-00-00 00:00:00'),
(371, 'Jamaica', 'JM', '0000-00-00 00:00:00', '0000-00-00 00:00:00'),
(372, 'Japan', 'JP', '0000-00-00 00:00:00', '0000-00-00 00:00:00'),
(373, 'Jersey', 'JE', '0000-00-00 00:00:00', '0000-00-00 00:00:00'),
(374, 'Jordan', 'JO', '0000-00-00 00:00:00', '0000-00-00 00:00:00'),
(375, 'Kazakhstan', 'KZ', '0000-00-00 00:00:00', '0000-00-00 00:00:00'),
(376, 'Kenya', 'KE', '0000-00-00 00:00:00', '0000-00-00 00:00:00'),
(377, 'Kiribati', 'KI', '0000-00-00 00:00:00', '0000-00-00 00:00:00'),
(378, 'Korea (North)', 'KP', '0000-00-00 00:00:00', '0000-00-00 00:00:00'),
(379, 'Korea (South)', 'KR', '0000-00-00 00:00:00', '0000-00-00 00:00:00'),
(380, 'Kuwait', 'KW', '0000-00-00 00:00:00', '0000-00-00 00:00:00'),
(381, 'Kyrgyzstan', 'KG', '0000-00-00 00:00:00', '0000-00-00 00:00:00'),
(382, 'Lao PDR', 'LA', '0000-00-00 00:00:00', '0000-00-00 00:00:00'),
(383, 'Latvia', 'LV', '0000-00-00 00:00:00', '0000-00-00 00:00:00'),
(384, 'Lebanon', 'LB', '0000-00-00 00:00:00', '0000-00-00 00:00:00'),
(385, 'Lesotho', 'LS', '0000-00-00 00:00:00', '0000-00-00 00:00:00'),
(386, 'Liberia', 'LR', '0000-00-00 00:00:00', '0000-00-00 00:00:00'),
(387, 'Libya', 'LY', '0000-00-00 00:00:00', '0000-00-00 00:00:00'),
(388, 'Liechtenstein', 'LI', '0000-00-00 00:00:00', '0000-00-00 00:00:00'),
(389, 'Lithuania', 'LT', '0000-00-00 00:00:00', '0000-00-00 00:00:00'),
(390, 'Luxembourg', 'LU', '0000-00-00 00:00:00', '0000-00-00 00:00:00'),
(391, 'Macedonia, Republic of', 'MK', '0000-00-00 00:00:00', '0000-00-00 00:00:00'),
(392, 'Madagascar', 'MG', '0000-00-00 00:00:00', '0000-00-00 00:00:00'),
(393, 'Malawi', 'MW', '0000-00-00 00:00:00', '0000-00-00 00:00:00'),
(394, 'Malaysia', 'MY', '0000-00-00 00:00:00', '0000-00-00 00:00:00'),
(395, 'Maldives', 'MV', '0000-00-00 00:00:00', '0000-00-00 00:00:00'),
(396, 'Mali', 'ML', '0000-00-00 00:00:00', '0000-00-00 00:00:00'),
(397, 'Malta', 'MT', '0000-00-00 00:00:00', '0000-00-00 00:00:00'),
(398, 'Marshall Islands', 'MH', '0000-00-00 00:00:00', '0000-00-00 00:00:00'),
(399, 'Martinique', 'MQ', '0000-00-00 00:00:00', '0000-00-00 00:00:00'),
(400, 'Mauritania', 'MR', '0000-00-00 00:00:00', '0000-00-00 00:00:00'),
(401, 'Mauritius', 'MU', '0000-00-00 00:00:00', '0000-00-00 00:00:00'),
(402, 'Mayotte', 'YT', '0000-00-00 00:00:00', '0000-00-00 00:00:00'),
(403, 'Mexico', 'MX', '0000-00-00 00:00:00', '0000-00-00 00:00:00'),
(404, 'Micronesia, Federated States of', 'FM', '0000-00-00 00:00:00', '0000-00-00 00:00:00'),
(405, 'Moldova', 'MD', '0000-00-00 00:00:00', '0000-00-00 00:00:00'),
(406, 'Monaco', 'MC', '0000-00-00 00:00:00', '0000-00-00 00:00:00'),
(407, 'Mongolia', 'MN', '0000-00-00 00:00:00', '0000-00-00 00:00:00'),
(408, 'Montenegro', 'ME', '0000-00-00 00:00:00', '0000-00-00 00:00:00'),
(409, 'Montserrat', 'MS', '0000-00-00 00:00:00', '0000-00-00 00:00:00'),
(410, 'Morocco', 'MA', '0000-00-00 00:00:00', '0000-00-00 00:00:00'),
(411, 'Mozambique', 'MZ', '0000-00-00 00:00:00', '0000-00-00 00:00:00'),
(412, 'Myanmar', 'MM', '0000-00-00 00:00:00', '0000-00-00 00:00:00'),
(413, 'Namibia', 'NA', '0000-00-00 00:00:00', '0000-00-00 00:00:00'),
(414, 'Nauru', 'NR', '0000-00-00 00:00:00', '0000-00-00 00:00:00'),
(415, 'Nepal', 'NP', '0000-00-00 00:00:00', '0000-00-00 00:00:00'),
(416, 'Netherlands', 'NL', '0000-00-00 00:00:00', '0000-00-00 00:00:00'),
(417, 'Curacao-formerNetherlandAntilles', 'CW', '0000-00-00 00:00:00', '0000-00-00 00:00:00'),
(418, 'New Caledonia', 'NC', '0000-00-00 00:00:00', '0000-00-00 00:00:00'),
(419, 'New Zealand', 'NZ', '0000-00-00 00:00:00', '0000-00-00 00:00:00'),
(420, 'Nicaragua', 'NI', '0000-00-00 00:00:00', '0000-00-00 00:00:00'),
(421, 'Niger', 'NE', '0000-00-00 00:00:00', '0000-00-00 00:00:00'),
(422, 'Nigeria', 'NG', '0000-00-00 00:00:00', '0000-00-00 00:00:00'),
(423, 'Niue', 'NU', '0000-00-00 00:00:00', '0000-00-00 00:00:00'),
(424, 'Norfolk Island', 'NF', '0000-00-00 00:00:00', '0000-00-00 00:00:00'),
(425, 'Northern Mariana Islands', 'MP', '0000-00-00 00:00:00', '0000-00-00 00:00:00'),
(426, 'Norway', 'NO', '0000-00-00 00:00:00', '0000-00-00 00:00:00'),
(427, 'Oman', 'OM', '0000-00-00 00:00:00', '0000-00-00 00:00:00'),
(428, 'Pakistan', 'PK', '0000-00-00 00:00:00', '0000-00-00 00:00:00'),
(429, 'Palau', 'PW', '0000-00-00 00:00:00', '0000-00-00 00:00:00'),
(430, 'Palestinian Territory', 'PS', '0000-00-00 00:00:00', '0000-00-00 00:00:00'),
(431, 'Panama', 'PA', '0000-00-00 00:00:00', '0000-00-00 00:00:00'),
(432, 'Papua New Guinea', 'PG', '0000-00-00 00:00:00', '0000-00-00 00:00:00'),
(433, 'Paraguay', 'PY', '0000-00-00 00:00:00', '0000-00-00 00:00:00'),
(434, 'Peru', 'PE', '0000-00-00 00:00:00', '0000-00-00 00:00:00'),
(435, 'Philippines', 'PH', '0000-00-00 00:00:00', '0000-00-00 00:00:00'),
(436, 'Pitcairn', 'PN', '0000-00-00 00:00:00', '0000-00-00 00:00:00'),
(437, 'Poland', 'PL', '0000-00-00 00:00:00', '0000-00-00 00:00:00'),
(438, 'Portugal', 'PT', '0000-00-00 00:00:00', '0000-00-00 00:00:00'),
(439, 'Puerto Rico', 'PR', '0000-00-00 00:00:00', '0000-00-00 00:00:00'),
(440, 'Qatar', 'QA', '0000-00-00 00:00:00', '0000-00-00 00:00:00'),
(441, 'R̩union', 'RE', '0000-00-00 00:00:00', '0000-00-00 00:00:00'),
(442, 'Romania', 'RO', '0000-00-00 00:00:00', '0000-00-00 00:00:00'),
(443, 'Russian Federation', 'RU', '0000-00-00 00:00:00', '0000-00-00 00:00:00'),
(444, 'Rwanda', 'RW', '0000-00-00 00:00:00', '0000-00-00 00:00:00'),
(445, 'Saint-Barth̩lemy', 'BL', '0000-00-00 00:00:00', '0000-00-00 00:00:00'),
(446, 'Saint Helena', 'SH', '0000-00-00 00:00:00', '0000-00-00 00:00:00'),
(447, 'Saint Kitts and Nevis', 'KN', '0000-00-00 00:00:00', '0000-00-00 00:00:00'),
(448, 'Saint Lucia', 'LC', '0000-00-00 00:00:00', '0000-00-00 00:00:00'),
(449, 'Saint-Martin (French part)', 'MF', '0000-00-00 00:00:00', '0000-00-00 00:00:00'),
(450, 'Saint Pierre and Miquelon', 'PM', '0000-00-00 00:00:00', '0000-00-00 00:00:00'),
(451, 'Saint Vincent and Grenadines', 'VC', '0000-00-00 00:00:00', '0000-00-00 00:00:00'),
(452, 'Samoa', 'WS', '0000-00-00 00:00:00', '0000-00-00 00:00:00'),
(453, 'San Marino', 'SM', '0000-00-00 00:00:00', '0000-00-00 00:00:00'),
(454, 'Sao Tome and Principe', 'ST', '0000-00-00 00:00:00', '0000-00-00 00:00:00'),
(455, 'Saudi Arabia', 'SA', '0000-00-00 00:00:00', '0000-00-00 00:00:00'),
(456, 'Senegal', 'SN', '0000-00-00 00:00:00', '0000-00-00 00:00:00'),
(457, 'Serbia', 'RS', '0000-00-00 00:00:00', '0000-00-00 00:00:00'),
(458, 'Seychelles', 'SC', '0000-00-00 00:00:00', '0000-00-00 00:00:00'),
(459, 'Sierra Leone', 'SL', '0000-00-00 00:00:00', '0000-00-00 00:00:00'),
(460, 'Singapore', 'SG', '0000-00-00 00:00:00', '0000-00-00 00:00:00'),
(461, 'Slovakia', 'SK', '0000-00-00 00:00:00', '0000-00-00 00:00:00'),
(462, 'Slovenia', 'SI', '0000-00-00 00:00:00', '0000-00-00 00:00:00'),
(463, 'Solomon Islands', 'SB', '0000-00-00 00:00:00', '0000-00-00 00:00:00'),
(464, 'Somalia', 'SO', '0000-00-00 00:00:00', '0000-00-00 00:00:00'),
(465, 'South Africa', 'ZA', '0000-00-00 00:00:00', '0000-00-00 00:00:00'),
(466, 'South Georgia and the South Sand', 'GS', '0000-00-00 00:00:00', '0000-00-00 00:00:00'),
(467, 'South Sudan', 'SS', '0000-00-00 00:00:00', '0000-00-00 00:00:00'),
(468, 'Spain', 'ES', '0000-00-00 00:00:00', '0000-00-00 00:00:00'),
(469, 'Sri Lanka', 'LK', '0000-00-00 00:00:00', '0000-00-00 00:00:00'),
(470, 'Sudan', 'SD', '0000-00-00 00:00:00', '0000-00-00 00:00:00'),
(471, 'Suriname', 'SR', '0000-00-00 00:00:00', '0000-00-00 00:00:00'),
(472, 'Svalbard and Jan Mayen Islands', 'SJ', '0000-00-00 00:00:00', '0000-00-00 00:00:00'),
(473, 'Swaziland', 'SZ', '0000-00-00 00:00:00', '0000-00-00 00:00:00'),
(474, 'Sweden', 'SE', '0000-00-00 00:00:00', '0000-00-00 00:00:00'),
(475, 'Switzerland', 'CH', '0000-00-00 00:00:00', '0000-00-00 00:00:00'),
(476, 'Syrian Arab Republic (Syria)', 'SY', '0000-00-00 00:00:00', '0000-00-00 00:00:00'),
(477, 'Taiwan, Republic of China', 'TW', '0000-00-00 00:00:00', '0000-00-00 00:00:00'),
(478, 'Tajikistan', 'TJ', '0000-00-00 00:00:00', '0000-00-00 00:00:00'),
(479, 'Tanzania, United Republic of', 'TZ', '0000-00-00 00:00:00', '0000-00-00 00:00:00'),
(480, 'Thailand', 'TH', '0000-00-00 00:00:00', '0000-00-00 00:00:00'),
(481, 'Timor-Leste', 'TL', '0000-00-00 00:00:00', '0000-00-00 00:00:00'),
(482, 'Togo', 'TG', '0000-00-00 00:00:00', '0000-00-00 00:00:00'),
(483, 'Tokelau', 'TK', '0000-00-00 00:00:00', '0000-00-00 00:00:00'),
(484, 'Tonga', 'TO', '0000-00-00 00:00:00', '0000-00-00 00:00:00'),
(485, 'Trinidad and Tobago', 'TT', '0000-00-00 00:00:00', '0000-00-00 00:00:00'),
(486, 'Tunisia', 'TN', '0000-00-00 00:00:00', '0000-00-00 00:00:00'),
(487, 'Turkey', 'TR', '0000-00-00 00:00:00', '0000-00-00 00:00:00'),
(488, 'Turkmenistan', 'TM', '0000-00-00 00:00:00', '0000-00-00 00:00:00'),
(489, 'Turks and Caicos Islands', 'TC', '0000-00-00 00:00:00', '0000-00-00 00:00:00'),
(490, 'Tuvalu', 'TV', '0000-00-00 00:00:00', '0000-00-00 00:00:00'),
(491, 'Uganda', 'UG', '0000-00-00 00:00:00', '0000-00-00 00:00:00'),
(492, 'Ukraine', 'UA', '0000-00-00 00:00:00', '0000-00-00 00:00:00'),
(493, 'United Arab Emirates', 'AE', '0000-00-00 00:00:00', '0000-00-00 00:00:00'),
(494, 'US Minor Outlying Islands', 'UM', '0000-00-00 00:00:00', '0000-00-00 00:00:00'),
(495, 'Uruguay', 'UY', '0000-00-00 00:00:00', '0000-00-00 00:00:00'),
(496, 'Uzbekistan', 'UZ', '0000-00-00 00:00:00', '0000-00-00 00:00:00'),
(497, 'Vanuatu', 'VU', '0000-00-00 00:00:00', '0000-00-00 00:00:00'),
(498, 'Venezuela (Bolivarian Republic)', 'VE', '0000-00-00 00:00:00', '0000-00-00 00:00:00'),
(499, 'Viet Nam', 'VN', '0000-00-00 00:00:00', '0000-00-00 00:00:00'),
(500, 'Virgin Islands, US', 'VI', '0000-00-00 00:00:00', '0000-00-00 00:00:00'),
(501, 'Wallis and Futuna Islands', 'WF', '0000-00-00 00:00:00', '0000-00-00 00:00:00'),
(502, 'Western Sahara', 'EH', '0000-00-00 00:00:00', '0000-00-00 00:00:00'),
(503, 'Yemen', 'YE', '0000-00-00 00:00:00', '0000-00-00 00:00:00'),
(504, 'Zambia', 'ZM', '0000-00-00 00:00:00', '0000-00-00 00:00:00'),
(505, 'Zimbabwe', 'ZW', '0000-00-00 00:00:00', '0000-00-00 00:00:00'),
(506, 'United Kingdom', 'GB', '0000-00-00 00:00:00', '0000-00-00 00:00:00'),
(510, 'Indi', 'IA', '0000-00-00 00:00:00', '0000-00-00 00:00:00'),
(516, 'demoforapplyone', 'd', '0000-00-00 00:00:00', '0000-00-00 00:00:00');

-- --------------------------------------------------------

--
-- Table structure for table `tbl_merchant`
--

CREATE TABLE IF NOT EXISTS `tbl_merchant` (
  `MerchantID` int(11) NOT NULL AUTO_INCREMENT,
  `CompanyName` varchar(255) NOT NULL,
  `ShopName` varchar(100) NOT NULL,
  `FirstName` varchar(255) NOT NULL,
  `LastName` varchar(255) NOT NULL,
  `Email` varchar(255) NOT NULL,
  `Password` varchar(255) NOT NULL,
  `ProductID` int(11) DEFAULT NULL,
  `PriceSegmentID` int(11) DEFAULT NULL,
  `TargetAudience` varchar(255) DEFAULT NULL,
  `WebUrl` varchar(100) DEFAULT NULL,
  `StreetAddress` varchar(255) DEFAULT NULL,
  `City` varchar(100) DEFAULT NULL,
  `ZipCode` varchar(100) DEFAULT NULL,
  `CountryID` int(11) DEFAULT NULL,
  `StateID` int(11) DEFAULT NULL,
  `PhoneNumber` varchar(100) DEFAULT NULL,
  `PlanID` int(11) DEFAULT NULL,
  `Code` varchar(255) DEFAULT NULL,
  `AccessToken` varchar(255) DEFAULT NULL,
  `CreateDate` datetime NOT NULL,
  `UpdateDate` datetime NOT NULL,
  PRIMARY KEY (`MerchantID`)
) ENGINE=InnoDB  DEFAULT CHARSET=latin1 AUTO_INCREMENT=28 ;

--
-- Dumping data for table `tbl_merchant`
--

INSERT INTO `tbl_merchant` (`MerchantID`, `CompanyName`, `ShopName`, `FirstName`, `LastName`, `Email`, `Password`, `ProductID`, `PriceSegmentID`, `TargetAudience`, `WebUrl`, `StreetAddress`, `City`, `ZipCode`, `CountryID`, `StateID`, `PhoneNumber`, `PlanID`, `Code`, `AccessToken`, `CreateDate`, `UpdateDate`) VALUES
(1, 'string', 'string', 'string', 'string', 'string', 'string', 0, 0, 'string', 'string', 'string', 'string', 'string', 0, 0, 'string', 0, '', '', '2018-05-17 17:04:16', '0000-00-00 00:00:00'),
(11, 'jhdfb KS', 'https://ipsteststore.myshopify.com', '121', '1', 'njknvjkdnvdnvjkKS', '321', NULL, NULL, NULL, NULL, NULL, NULL, NULL, NULL, NULL, NULL, NULL, NULL, NULL, '2018-05-17 19:20:09', '0000-00-00 00:00:00'),
(12, 'poapsdo', 'https://ipsteststore.myshopify.com', 'pop', 'op', 'pospfpos', 'ocdgsdg', NULL, NULL, NULL, NULL, NULL, NULL, NULL, NULL, NULL, NULL, NULL, NULL, NULL, '2018-05-17 20:09:36', '0000-00-00 00:00:00'),
(13, 'test  KS', 'ipsteststore', 'test', 'test 454', 'tes', '456', NULL, NULL, NULL, NULL, NULL, NULL, NULL, NULL, NULL, NULL, NULL, NULL, NULL, '2018-05-18 10:51:06', '0000-00-00 00:00:00'),
(14, 'Bhumi IPS', 'ipsteststore', '7894', '56', 'khushbus@itpathsolutions.co.in', '12321', NULL, NULL, NULL, NULL, NULL, NULL, NULL, NULL, NULL, NULL, NULL, NULL, NULL, '2018-05-18 10:58:26', '0000-00-00 00:00:00'),
(15, 'string', 'string', 'string', 'string', 'string', 'string', 0, 0, 'string', 'string', 'string', 'string', 'string', 0, 0, 'string', 0, NULL, NULL, '2018-05-18 11:00:15', '0000-00-00 00:00:00'),
(16, '78978', 'ipsteststore', '456', '456', '456', '46', NULL, NULL, NULL, NULL, NULL, NULL, NULL, NULL, NULL, NULL, NULL, NULL, NULL, '2018-05-18 11:04:03', '0000-00-00 00:00:00'),
(17, '7894', 'ipsteststore', '64', '64', '4564', '65465', NULL, NULL, NULL, NULL, NULL, NULL, NULL, NULL, NULL, NULL, NULL, NULL, NULL, '2018-05-18 11:12:01', '0000-00-00 00:00:00'),
(18, 'lols', 'string', 'string', 'string', 'string', 'string', 0, 0, 'string', 'string', 'string', 'string', 'string', 0, 0, 'string', 0, NULL, NULL, '2018-05-18 11:14:07', '0000-00-00 00:00:00'),
(19, 'yes', 'ipsteststore', 'yesy', 'esy', 'yesyu', 'yesy', NULL, NULL, NULL, NULL, NULL, NULL, NULL, NULL, NULL, NULL, NULL, NULL, NULL, '2018-05-18 11:15:16', '0000-00-00 00:00:00'),
(20, 'dnjk', 'ipsteststore', 'jkn', 'jkn', 'njkn', 'jkn', NULL, NULL, NULL, NULL, NULL, NULL, NULL, NULL, NULL, NULL, NULL, NULL, NULL, '2018-05-18 11:15:48', '0000-00-00 00:00:00'),
(21, 'j', 'ipsteststore', 'n', 'on', 'onn', 'on', NULL, NULL, NULL, NULL, NULL, NULL, NULL, NULL, NULL, NULL, NULL, NULL, NULL, '2018-05-18 11:16:50', '0000-00-00 00:00:00'),
(22, '5465', 'ipsteststore', '465', '465', '465', '4645', NULL, NULL, NULL, NULL, NULL, NULL, NULL, NULL, NULL, NULL, NULL, NULL, NULL, '2018-05-18 11:17:33', '0000-00-00 00:00:00'),
(23, 'sdhfasbash', 'ipsteststore', 'jkh', 'h', 'jh', 'jkh', NULL, NULL, NULL, NULL, NULL, NULL, NULL, NULL, NULL, NULL, NULL, NULL, NULL, '2018-05-18 11:19:35', '0000-00-00 00:00:00'),
(24, 'dsbns', 'ipsteststore', 'nlk', 'nl', 'jjknkn', 'knknkln', NULL, NULL, NULL, NULL, NULL, NULL, NULL, NULL, NULL, NULL, NULL, NULL, NULL, '2018-05-18 11:26:32', '0000-00-00 00:00:00'),
(25, 'sdl;,df', 'ipsteststore', ',;', 'l,;,l', ',;l', 'dsfsdfsdf', NULL, NULL, NULL, NULL, NULL, NULL, NULL, NULL, NULL, NULL, NULL, NULL, NULL, '2018-05-18 11:27:41', '0000-00-00 00:00:00'),
(26, 'Ritika', 'ipsteststore', 'hjashdjk', 'jh', 'ritika@test.com', 'jkhjhjk', NULL, NULL, NULL, NULL, NULL, NULL, NULL, NULL, NULL, NULL, NULL, NULL, NULL, '2018-05-18 11:29:39', '0000-00-00 00:00:00'),
(27, 'jgjgh', 'ipsteststore', 'gjhg', 'jgjg', 'jkjk', 'jgjg', NULL, NULL, NULL, NULL, NULL, NULL, NULL, NULL, NULL, NULL, NULL, NULL, NULL, '2018-05-18 11:36:53', '0000-00-00 00:00:00');

-- --------------------------------------------------------

--
-- Table structure for table `tbl_merchant_category`
--

CREATE TABLE IF NOT EXISTS `tbl_merchant_category` (
  `MerchantCategoryID` int(11) NOT NULL AUTO_INCREMENT,
  `MerchantID` int(11) NOT NULL,
  `CategoryID` int(11) NOT NULL,
  `CreateDate` datetime NOT NULL,
  `UpdateDate` datetime NOT NULL,
  PRIMARY KEY (`MerchantCategoryID`)
) ENGINE=InnoDB DEFAULT CHARSET=latin1 AUTO_INCREMENT=1 ;

-- --------------------------------------------------------

--
-- Table structure for table `tbl_plan`
--

CREATE TABLE IF NOT EXISTS `tbl_plan` (
  `PlanID` int(11) NOT NULL AUTO_INCREMENT,
  `PlanName` varchar(255) NOT NULL,
  `CreateDate` datetime NOT NULL,
  `UpdateDate` datetime NOT NULL,
  PRIMARY KEY (`PlanID`)
) ENGINE=InnoDB  DEFAULT CHARSET=latin1 AUTO_INCREMENT=3 ;

--
-- Dumping data for table `tbl_plan`
--

INSERT INTO `tbl_plan` (`PlanID`, `PlanName`, `CreateDate`, `UpdateDate`) VALUES
(1, 'PremiumPlan', '0000-00-00 00:00:00', '0000-00-00 00:00:00'),
(2, 'Freemium plan', '0000-00-00 00:00:00', '0000-00-00 00:00:00');

-- --------------------------------------------------------

--
-- Table structure for table `tbl_pricesegment`
--

CREATE TABLE IF NOT EXISTS `tbl_pricesegment` (
  `PriceSegmentID` int(11) NOT NULL AUTO_INCREMENT,
  `PriceRange` varchar(255) NOT NULL,
  `CreateDate` datetime NOT NULL,
  `UpdateDate` datetime NOT NULL,
  PRIMARY KEY (`PriceSegmentID`)
) ENGINE=InnoDB  DEFAULT CHARSET=latin1 AUTO_INCREMENT=7 ;

--
-- Dumping data for table `tbl_pricesegment`
--

INSERT INTO `tbl_pricesegment` (`PriceSegmentID`, `PriceRange`, `CreateDate`, `UpdateDate`) VALUES
(1, '$0 - 50', '0000-00-00 00:00:00', '0000-00-00 00:00:00'),
(2, '$51 - 100', '0000-00-00 00:00:00', '0000-00-00 00:00:00'),
(3, '$101 - 250', '0000-00-00 00:00:00', '0000-00-00 00:00:00'),
(4, '$251 - 500', '0000-00-00 00:00:00', '0000-00-00 00:00:00'),
(5, '$501 - 1000', '0000-00-00 00:00:00', '0000-00-00 00:00:00'),
(6, '$1000+', '0000-00-00 00:00:00', '0000-00-00 00:00:00');

-- --------------------------------------------------------

--
-- Table structure for table `tbl_product`
--

CREATE TABLE IF NOT EXISTS `tbl_product` (
  `ProductID` int(11) NOT NULL AUTO_INCREMENT,
  `ProductName` varchar(255) NOT NULL,
  `CreateDate` datetime NOT NULL,
  `UpdateDate` datetime NOT NULL,
  PRIMARY KEY (`ProductID`)
) ENGINE=InnoDB  DEFAULT CHARSET=latin1 AUTO_INCREMENT=3 ;

--
-- Dumping data for table `tbl_product`
--

INSERT INTO `tbl_product` (`ProductID`, `ProductName`, `CreateDate`, `UpdateDate`) VALUES
(1, 'Clothing', '0000-00-00 00:00:00', '0000-00-00 00:00:00'),
(2, 'Equipment', '0000-00-00 00:00:00', '0000-00-00 00:00:00');

-- --------------------------------------------------------

--
-- Table structure for table `tbl_state`
--

CREATE TABLE IF NOT EXISTS `tbl_state` (
  `StateID` int(11) NOT NULL AUTO_INCREMENT,
  `CountryID` int(11) NOT NULL,
  `StateName` varchar(64) NOT NULL,
  `StateCode` varchar(5) NOT NULL,
  `CreateDate` datetime NOT NULL,
  `UpdateDate` datetime NOT NULL,
  PRIMARY KEY (`StateID`),
  KEY `CountryID` (`CountryID`)
) ENGINE=InnoDB  DEFAULT CHARSET=latin1 AUTO_INCREMENT=1890 ;

--
-- Dumping data for table `tbl_state`
--

INSERT INTO `tbl_state` (`StateID`, `CountryID`, `StateName`, `StateCode`, `CreateDate`, `UpdateDate`) VALUES
(382, 38, 'Alberta', 'AB', '0000-00-00 00:00:00', '0000-00-00 00:00:00'),
(384, 38, 'Manitoba', 'MB', '0000-00-00 00:00:00', '0000-00-00 00:00:00'),
(386, 38, 'Nova Scotia', 'NS', '0000-00-00 00:00:00', '0000-00-00 00:00:00'),
(387, 38, 'Ontario', 'ON', '0000-00-00 00:00:00', '0000-00-00 00:00:00'),
(389, 38, 'Saskatchewan', 'SK', '0000-00-00 00:00:00', '0000-00-00 00:00:00'),
(1521, 224, 'Alabama', 'AL', '0000-00-00 00:00:00', '0000-00-00 00:00:00'),
(1522, 224, 'Alaska', 'AK', '0000-00-00 00:00:00', '0000-00-00 00:00:00'),
(1523, 224, 'Arizona', 'AZ', '0000-00-00 00:00:00', '0000-00-00 00:00:00'),
(1525, 224, 'California', 'CA', '0000-00-00 00:00:00', '0000-00-00 00:00:00'),
(1526, 224, 'Colorado', 'CO', '0000-00-00 00:00:00', '0000-00-00 00:00:00'),
(1527, 224, 'Connecticut', 'CT', '0000-00-00 00:00:00', '0000-00-00 00:00:00'),
(1528, 224, 'District of Columbia', 'DC', '0000-00-00 00:00:00', '0000-00-00 00:00:00'),
(1529, 224, 'Florida', 'FL', '0000-00-00 00:00:00', '0000-00-00 00:00:00'),
(1530, 224, 'Georgia', 'GA', '0000-00-00 00:00:00', '0000-00-00 00:00:00'),
(1531, 224, 'Hawaii', 'HI', '0000-00-00 00:00:00', '0000-00-00 00:00:00'),
(1532, 224, 'Idaho', 'ID', '0000-00-00 00:00:00', '0000-00-00 00:00:00'),
(1533, 224, 'Illinois', 'IL', '0000-00-00 00:00:00', '0000-00-00 00:00:00'),
(1534, 224, 'Indiana', 'IN', '0000-00-00 00:00:00', '0000-00-00 00:00:00'),
(1535, 224, 'Iowa', 'IA', '0000-00-00 00:00:00', '0000-00-00 00:00:00'),
(1536, 224, 'Kansas', 'KS', '0000-00-00 00:00:00', '0000-00-00 00:00:00'),
(1537, 224, 'Kentucky', 'KY', '0000-00-00 00:00:00', '0000-00-00 00:00:00'),
(1538, 224, 'Louisiana', 'LA', '0000-00-00 00:00:00', '0000-00-00 00:00:00'),
(1539, 224, 'Maryland', 'MD', '0000-00-00 00:00:00', '0000-00-00 00:00:00'),
(1540, 224, 'Massachusetts', 'MA', '0000-00-00 00:00:00', '0000-00-00 00:00:00'),
(1541, 224, 'Michigan', 'MI', '0000-00-00 00:00:00', '0000-00-00 00:00:00'),
(1542, 224, 'Minnesota', 'MN', '0000-00-00 00:00:00', '0000-00-00 00:00:00'),
(1543, 224, 'Mississippi', 'MS', '0000-00-00 00:00:00', '0000-00-00 00:00:00'),
(1544, 224, 'Missouri', 'MO', '0000-00-00 00:00:00', '0000-00-00 00:00:00'),
(1545, 224, 'Montana', 'MT', '0000-00-00 00:00:00', '0000-00-00 00:00:00'),
(1546, 224, 'Nebraska', 'NE', '0000-00-00 00:00:00', '0000-00-00 00:00:00'),
(1547, 224, 'Nevada', 'NV', '0000-00-00 00:00:00', '0000-00-00 00:00:00'),
(1548, 224, 'New Hampshire', 'NH', '0000-00-00 00:00:00', '0000-00-00 00:00:00'),
(1549, 224, 'New Jersey', 'NJ', '0000-00-00 00:00:00', '0000-00-00 00:00:00'),
(1550, 224, 'New Mexico', 'NM', '0000-00-00 00:00:00', '0000-00-00 00:00:00'),
(1551, 224, 'New York', 'NY', '0000-00-00 00:00:00', '0000-00-00 00:00:00'),
(1552, 224, 'North Carolina', 'NC', '0000-00-00 00:00:00', '0000-00-00 00:00:00'),
(1553, 224, 'Ohio', 'OH', '0000-00-00 00:00:00', '0000-00-00 00:00:00'),
(1554, 224, 'Oklahoma', 'OK', '0000-00-00 00:00:00', '0000-00-00 00:00:00'),
(1555, 224, 'Oregon', 'OR', '0000-00-00 00:00:00', '0000-00-00 00:00:00'),
(1556, 224, 'Pennsylvania', 'PA', '0000-00-00 00:00:00', '0000-00-00 00:00:00'),
(1557, 224, 'Rhode Island', 'RI', '0000-00-00 00:00:00', '0000-00-00 00:00:00'),
(1558, 224, 'South Carolina', 'SC', '0000-00-00 00:00:00', '0000-00-00 00:00:00'),
(1559, 224, 'South Dakota', 'SD', '0000-00-00 00:00:00', '0000-00-00 00:00:00'),
(1560, 224, 'Tennessee', 'TN', '0000-00-00 00:00:00', '0000-00-00 00:00:00'),
(1561, 224, 'Texas', 'TX', '0000-00-00 00:00:00', '0000-00-00 00:00:00'),
(1562, 224, 'Utah', 'UT', '0000-00-00 00:00:00', '0000-00-00 00:00:00'),
(1563, 224, 'Virginia', 'VA', '0000-00-00 00:00:00', '0000-00-00 00:00:00'),
(1564, 224, 'Washington', 'WA', '0000-00-00 00:00:00', '0000-00-00 00:00:00'),
(1565, 224, 'Wisconsin', 'WI', '0000-00-00 00:00:00', '0000-00-00 00:00:00'),
(1654, 224, 'Arkansas', 'AR', '0000-00-00 00:00:00', '0000-00-00 00:00:00'),
(1655, 224, 'Delaware', 'DE', '0000-00-00 00:00:00', '0000-00-00 00:00:00'),
(1656, 224, 'Maine', 'ME', '0000-00-00 00:00:00', '0000-00-00 00:00:00'),
(1657, 224, 'North Dakota', 'ND', '0000-00-00 00:00:00', '0000-00-00 00:00:00'),
(1658, 224, 'Vermont', 'VT', '0000-00-00 00:00:00', '0000-00-00 00:00:00'),
(1659, 224, 'West Virginia', 'WV', '0000-00-00 00:00:00', '0000-00-00 00:00:00'),
(1660, 224, 'Wyoming', 'WY', '0000-00-00 00:00:00', '0000-00-00 00:00:00'),
(1663, 38, 'Quebec', 'QC', '0000-00-00 00:00:00', '0000-00-00 00:00:00'),
(1664, 38, 'New Brunswick', 'NB', '0000-00-00 00:00:00', '0000-00-00 00:00:00'),
(1665, 38, 'British Columbia', 'BC', '0000-00-00 00:00:00', '0000-00-00 00:00:00'),
(1666, 38, 'Prince Edward Island', 'PE', '0000-00-00 00:00:00', '0000-00-00 00:00:00'),
(1667, 38, 'Newfoundland and Labrador', 'NL', '0000-00-00 00:00:00', '0000-00-00 00:00:00'),
(1668, 38, 'Northwest Territories', 'NT', '0000-00-00 00:00:00', '0000-00-00 00:00:00'),
(1669, 38, 'Nunavut', 'NU', '0000-00-00 00:00:00', '0000-00-00 00:00:00'),
(1670, 38, 'Yukon', 'YT', '0000-00-00 00:00:00', '0000-00-00 00:00:00'),
(1671, 246, 'Aberconwy and Colwyn', 'I0', '0000-00-00 00:00:00', '0000-00-00 00:00:00'),
(1672, 246, 'Aberdeen City', 'I1', '0000-00-00 00:00:00', '0000-00-00 00:00:00'),
(1673, 246, 'Aberdeenshire', 'I2', '0000-00-00 00:00:00', '0000-00-00 00:00:00'),
(1674, 246, 'Anglesey', 'I3', '0000-00-00 00:00:00', '0000-00-00 00:00:00'),
(1675, 246, 'Angus', 'I4', '0000-00-00 00:00:00', '0000-00-00 00:00:00'),
(1676, 246, 'Antrim', 'I5', '0000-00-00 00:00:00', '0000-00-00 00:00:00'),
(1677, 246, 'Argyll and Bute', 'I6', '0000-00-00 00:00:00', '0000-00-00 00:00:00'),
(1678, 246, 'Armagh', 'I7', '0000-00-00 00:00:00', '0000-00-00 00:00:00'),
(1679, 246, 'Avon', 'I8', '0000-00-00 00:00:00', '0000-00-00 00:00:00'),
(1680, 246, 'Ayrshire', 'I9', '0000-00-00 00:00:00', '0000-00-00 00:00:00'),
(1681, 246, 'Bath and NE Somerset', 'IB', '0000-00-00 00:00:00', '0000-00-00 00:00:00'),
(1682, 246, 'Bedfordshire', 'IC', '0000-00-00 00:00:00', '0000-00-00 00:00:00'),
(1683, 246, 'Belfast', 'IE', '0000-00-00 00:00:00', '0000-00-00 00:00:00'),
(1684, 246, 'Berkshire', 'IF', '0000-00-00 00:00:00', '0000-00-00 00:00:00'),
(1685, 246, 'Berwickshire', 'IG', '0000-00-00 00:00:00', '0000-00-00 00:00:00'),
(1686, 246, 'BFPO', 'IH', '0000-00-00 00:00:00', '0000-00-00 00:00:00'),
(1687, 246, 'Blaenau Gwent', 'II', '0000-00-00 00:00:00', '0000-00-00 00:00:00'),
(1688, 246, 'Buckinghamshire', 'IJ', '0000-00-00 00:00:00', '0000-00-00 00:00:00'),
(1689, 246, 'Caernarfonshire', 'IK', '0000-00-00 00:00:00', '0000-00-00 00:00:00'),
(1690, 246, 'Caerphilly', 'IM', '0000-00-00 00:00:00', '0000-00-00 00:00:00'),
(1691, 246, 'Caithness', 'IO', '0000-00-00 00:00:00', '0000-00-00 00:00:00'),
(1692, 246, 'Cambridgeshire', 'IP', '0000-00-00 00:00:00', '0000-00-00 00:00:00'),
(1693, 246, 'Cardiff', 'IQ', '0000-00-00 00:00:00', '0000-00-00 00:00:00'),
(1694, 246, 'Cardiganshire', 'IR', '0000-00-00 00:00:00', '0000-00-00 00:00:00'),
(1695, 246, 'Carmarthenshire', 'IS', '0000-00-00 00:00:00', '0000-00-00 00:00:00'),
(1696, 246, 'Ceredigion', 'IT', '0000-00-00 00:00:00', '0000-00-00 00:00:00'),
(1697, 246, 'Channel Islands', 'IU', '0000-00-00 00:00:00', '0000-00-00 00:00:00'),
(1698, 246, 'Cheshire', 'IV', '0000-00-00 00:00:00', '0000-00-00 00:00:00'),
(1699, 246, 'City of Bristol', 'IW', '0000-00-00 00:00:00', '0000-00-00 00:00:00'),
(1700, 246, 'Clackmannanshire', 'IX', '0000-00-00 00:00:00', '0000-00-00 00:00:00'),
(1701, 246, 'Clwyd', 'IY', '0000-00-00 00:00:00', '0000-00-00 00:00:00'),
(1702, 246, 'Conwy', 'IZ', '0000-00-00 00:00:00', '0000-00-00 00:00:00'),
(1703, 246, 'Cornwall/Scilly', 'J0', '0000-00-00 00:00:00', '0000-00-00 00:00:00'),
(1704, 246, 'Cumbria', 'J1', '0000-00-00 00:00:00', '0000-00-00 00:00:00'),
(1705, 246, 'Denbighshire', 'J2', '0000-00-00 00:00:00', '0000-00-00 00:00:00'),
(1706, 246, 'Derbyshire', 'J3', '0000-00-00 00:00:00', '0000-00-00 00:00:00'),
(1707, 246, 'Derry/Londonderry', 'J4', '0000-00-00 00:00:00', '0000-00-00 00:00:00'),
(1708, 246, 'Devon', 'J5', '0000-00-00 00:00:00', '0000-00-00 00:00:00'),
(1709, 246, 'Dorset', 'J6', '0000-00-00 00:00:00', '0000-00-00 00:00:00'),
(1710, 246, 'Down', 'J7', '0000-00-00 00:00:00', '0000-00-00 00:00:00'),
(1711, 246, 'Dumfries and Galloway', 'J8', '0000-00-00 00:00:00', '0000-00-00 00:00:00'),
(1712, 246, 'Dunbartonshire', 'J9', '0000-00-00 00:00:00', '0000-00-00 00:00:00'),
(1713, 246, 'Dundee', 'JA', '0000-00-00 00:00:00', '0000-00-00 00:00:00'),
(1714, 246, 'Durham', 'JB', '0000-00-00 00:00:00', '0000-00-00 00:00:00'),
(1715, 246, 'Dyfed', 'JC', '0000-00-00 00:00:00', '0000-00-00 00:00:00'),
(1716, 246, 'East Ayrshire', 'JD', '0000-00-00 00:00:00', '0000-00-00 00:00:00'),
(1717, 246, 'East Dunbartonshire', 'JE', '0000-00-00 00:00:00', '0000-00-00 00:00:00'),
(1718, 246, 'East Lothian', 'JF', '0000-00-00 00:00:00', '0000-00-00 00:00:00'),
(1719, 246, 'East Renfrewshire', 'JG', '0000-00-00 00:00:00', '0000-00-00 00:00:00'),
(1720, 246, 'East Riding Yorkshire', 'JH', '0000-00-00 00:00:00', '0000-00-00 00:00:00'),
(1721, 246, 'East Sussex', 'JI', '0000-00-00 00:00:00', '0000-00-00 00:00:00'),
(1722, 246, 'Edinburgh', 'JJ', '0000-00-00 00:00:00', '0000-00-00 00:00:00'),
(1723, 246, 'England', 'JK', '0000-00-00 00:00:00', '0000-00-00 00:00:00'),
(1724, 246, 'Essex', 'JL', '0000-00-00 00:00:00', '0000-00-00 00:00:00'),
(1725, 246, 'Falkirk', 'JM', '0000-00-00 00:00:00', '0000-00-00 00:00:00'),
(1726, 246, 'Fermanagh', 'JN', '0000-00-00 00:00:00', '0000-00-00 00:00:00'),
(1727, 246, 'Fife', 'JO', '0000-00-00 00:00:00', '0000-00-00 00:00:00'),
(1728, 246, 'Flintshire', 'JP', '0000-00-00 00:00:00', '0000-00-00 00:00:00'),
(1729, 246, 'Glasgow', 'JQ', '0000-00-00 00:00:00', '0000-00-00 00:00:00'),
(1730, 246, 'Gloucestershire', 'JR', '0000-00-00 00:00:00', '0000-00-00 00:00:00'),
(1731, 246, 'Greater London', 'JS', '0000-00-00 00:00:00', '0000-00-00 00:00:00'),
(1732, 246, 'Greater Manchester', 'JT', '0000-00-00 00:00:00', '0000-00-00 00:00:00'),
(1733, 246, 'Gwent', 'JU', '0000-00-00 00:00:00', '0000-00-00 00:00:00'),
(1734, 246, 'Gwynedd', 'JV', '0000-00-00 00:00:00', '0000-00-00 00:00:00'),
(1735, 246, 'Hampshire', 'JW', '0000-00-00 00:00:00', '0000-00-00 00:00:00'),
(1736, 246, 'Hartlepool', 'JX', '0000-00-00 00:00:00', '0000-00-00 00:00:00'),
(1737, 246, 'Hertfordshire', 'JY', '0000-00-00 00:00:00', '0000-00-00 00:00:00'),
(1738, 246, 'Highlands', 'JZ', '0000-00-00 00:00:00', '0000-00-00 00:00:00'),
(1739, 246, 'Inverclyde', 'K0', '0000-00-00 00:00:00', '0000-00-00 00:00:00'),
(1740, 246, 'Inverness-Shire', 'K1', '0000-00-00 00:00:00', '0000-00-00 00:00:00'),
(1741, 246, 'Isle of Man', 'K2', '0000-00-00 00:00:00', '0000-00-00 00:00:00'),
(1742, 246, 'Isle of Wight', 'K3', '0000-00-00 00:00:00', '0000-00-00 00:00:00'),
(1743, 246, 'Kent', 'K4', '0000-00-00 00:00:00', '0000-00-00 00:00:00'),
(1744, 246, 'Kincardinshire', 'K5', '0000-00-00 00:00:00', '0000-00-00 00:00:00'),
(1745, 246, 'Kingston Upon Hull', 'K6', '0000-00-00 00:00:00', '0000-00-00 00:00:00'),
(1746, 246, 'Kinross-Shire', 'K7', '0000-00-00 00:00:00', '0000-00-00 00:00:00'),
(1747, 246, 'Kirklees', 'K8', '0000-00-00 00:00:00', '0000-00-00 00:00:00'),
(1748, 246, 'Lanarkshire', 'K9', '0000-00-00 00:00:00', '0000-00-00 00:00:00'),
(1749, 246, 'Lancashire', 'KA', '0000-00-00 00:00:00', '0000-00-00 00:00:00'),
(1750, 246, 'Leicestershire', 'KB', '0000-00-00 00:00:00', '0000-00-00 00:00:00'),
(1751, 246, 'Lincolnshire', 'KC', '0000-00-00 00:00:00', '0000-00-00 00:00:00'),
(1752, 246, 'Londonderry', 'KD', '0000-00-00 00:00:00', '0000-00-00 00:00:00'),
(1753, 246, 'Merseyside', 'KE', '0000-00-00 00:00:00', '0000-00-00 00:00:00'),
(1754, 246, 'Merthyr Tydfil', 'KF', '0000-00-00 00:00:00', '0000-00-00 00:00:00'),
(1755, 246, 'Mid Glamorgan', 'KG', '0000-00-00 00:00:00', '0000-00-00 00:00:00'),
(1756, 246, 'Mid Lothian', 'KI', '0000-00-00 00:00:00', '0000-00-00 00:00:00'),
(1757, 246, 'Middlesex', 'KH', '0000-00-00 00:00:00', '0000-00-00 00:00:00'),
(1758, 246, 'Monmouthshire', 'KJ', '0000-00-00 00:00:00', '0000-00-00 00:00:00'),
(1759, 246, 'Moray', 'KK', '0000-00-00 00:00:00', '0000-00-00 00:00:00'),
(1760, 246, 'Neath & Port Talbot', 'KL', '0000-00-00 00:00:00', '0000-00-00 00:00:00'),
(1761, 246, 'Newport', 'KM', '0000-00-00 00:00:00', '0000-00-00 00:00:00'),
(1762, 246, 'Norfolk', 'KN', '0000-00-00 00:00:00', '0000-00-00 00:00:00'),
(1763, 246, 'North Ayrshire', 'KP', '0000-00-00 00:00:00', '0000-00-00 00:00:00'),
(1764, 246, 'North East Lincolnshire', 'KQ', '0000-00-00 00:00:00', '0000-00-00 00:00:00'),
(1765, 246, 'North Lanarkshire', 'KR', '0000-00-00 00:00:00', '0000-00-00 00:00:00'),
(1766, 246, 'North Lincolnshire', 'KT', '0000-00-00 00:00:00', '0000-00-00 00:00:00'),
(1767, 246, 'North Somerset', 'KU', '0000-00-00 00:00:00', '0000-00-00 00:00:00'),
(1768, 246, 'North Yorkshire', 'KV', '0000-00-00 00:00:00', '0000-00-00 00:00:00'),
(1769, 246, 'Northamptonshire', 'KO', '0000-00-00 00:00:00', '0000-00-00 00:00:00'),
(1770, 246, 'Northern Ireland', 'KW', '0000-00-00 00:00:00', '0000-00-00 00:00:00'),
(1771, 246, 'Northumberland', 'KX', '0000-00-00 00:00:00', '0000-00-00 00:00:00'),
(1772, 246, 'Nottinghamshire', 'KZ', '0000-00-00 00:00:00', '0000-00-00 00:00:00'),
(1773, 246, 'Orkney and Shetland Isles', 'L0', '0000-00-00 00:00:00', '0000-00-00 00:00:00'),
(1774, 246, 'Oxfordshire', 'L1', '0000-00-00 00:00:00', '0000-00-00 00:00:00'),
(1775, 246, 'Pembrokeshire', 'L2', '0000-00-00 00:00:00', '0000-00-00 00:00:00'),
(1776, 246, 'Perth and Kinross', 'L3', '0000-00-00 00:00:00', '0000-00-00 00:00:00'),
(1777, 246, 'Powys', 'L4', '0000-00-00 00:00:00', '0000-00-00 00:00:00'),
(1778, 246, 'Redcar and Cleveland', 'L5', '0000-00-00 00:00:00', '0000-00-00 00:00:00'),
(1779, 246, 'Renfrewshire', 'L6', '0000-00-00 00:00:00', '0000-00-00 00:00:00'),
(1780, 246, 'Rhonda Cynon Taff', 'L7', '0000-00-00 00:00:00', '0000-00-00 00:00:00'),
(1781, 246, 'Rutland', 'L8', '0000-00-00 00:00:00', '0000-00-00 00:00:00'),
(1782, 246, 'Scottish Borders', 'L9', '0000-00-00 00:00:00', '0000-00-00 00:00:00'),
(1783, 246, 'Shetland', 'LB', '0000-00-00 00:00:00', '0000-00-00 00:00:00'),
(1784, 246, 'Shropshire', 'LC', '0000-00-00 00:00:00', '0000-00-00 00:00:00'),
(1785, 246, 'Somerset', 'LD', '0000-00-00 00:00:00', '0000-00-00 00:00:00'),
(1786, 246, 'South Ayrshire', 'LE', '0000-00-00 00:00:00', '0000-00-00 00:00:00'),
(1787, 246, 'South Glamorgan', 'LF', '0000-00-00 00:00:00', '0000-00-00 00:00:00'),
(1788, 246, 'South Gloucesteshire', 'LG', '0000-00-00 00:00:00', '0000-00-00 00:00:00'),
(1789, 246, 'South Lanarkshire', 'LH', '0000-00-00 00:00:00', '0000-00-00 00:00:00'),
(1790, 246, 'South Yorkshire', 'LI', '0000-00-00 00:00:00', '0000-00-00 00:00:00'),
(1791, 246, 'Staffordshire', 'LJ', '0000-00-00 00:00:00', '0000-00-00 00:00:00'),
(1792, 246, 'Stirling', 'LK', '0000-00-00 00:00:00', '0000-00-00 00:00:00'),
(1793, 246, 'Stockton On Tees', 'LL', '0000-00-00 00:00:00', '0000-00-00 00:00:00'),
(1794, 246, 'Suffolk', 'LM', '0000-00-00 00:00:00', '0000-00-00 00:00:00'),
(1795, 246, 'Surrey', 'LN', '0000-00-00 00:00:00', '0000-00-00 00:00:00'),
(1796, 246, 'Swansea', 'LO', '0000-00-00 00:00:00', '0000-00-00 00:00:00'),
(1797, 246, 'Torfaen', 'LP', '0000-00-00 00:00:00', '0000-00-00 00:00:00'),
(1798, 246, 'Tyne and Wear', 'LQ', '0000-00-00 00:00:00', '0000-00-00 00:00:00'),
(1799, 246, 'Tyrone', 'LR', '0000-00-00 00:00:00', '0000-00-00 00:00:00'),
(1800, 246, 'Vale Of Glamorgan', 'LS', '0000-00-00 00:00:00', '0000-00-00 00:00:00'),
(1801, 246, 'Wales', 'LT', '0000-00-00 00:00:00', '0000-00-00 00:00:00'),
(1802, 246, 'Warwickshire', 'LU', '0000-00-00 00:00:00', '0000-00-00 00:00:00'),
(1803, 246, 'West Berkshire', 'LV', '0000-00-00 00:00:00', '0000-00-00 00:00:00'),
(1804, 246, 'West Dunbartonshire', 'LW', '0000-00-00 00:00:00', '0000-00-00 00:00:00'),
(1805, 246, 'West Glamorgan', 'LX', '0000-00-00 00:00:00', '0000-00-00 00:00:00'),
(1806, 246, 'West Lothian', 'LY', '0000-00-00 00:00:00', '0000-00-00 00:00:00'),
(1807, 246, 'West Midlands', 'LZ', '0000-00-00 00:00:00', '0000-00-00 00:00:00'),
(1808, 246, 'West Sussex', 'M0', '0000-00-00 00:00:00', '0000-00-00 00:00:00'),
(1809, 246, 'West Yorkshire', 'M1', '0000-00-00 00:00:00', '0000-00-00 00:00:00'),
(1810, 246, 'Western Isles', 'M2', '0000-00-00 00:00:00', '0000-00-00 00:00:00'),
(1811, 246, 'Wiltshire', 'M3', '0000-00-00 00:00:00', '0000-00-00 00:00:00'),
(1812, 246, 'Wirral', 'M4', '0000-00-00 00:00:00', '0000-00-00 00:00:00'),
(1813, 246, 'Worcestershire', 'M5', '0000-00-00 00:00:00', '0000-00-00 00:00:00'),
(1814, 246, 'Wrexham', 'M6', '0000-00-00 00:00:00', '0000-00-00 00:00:00'),
(1815, 246, 'York', 'M7', '0000-00-00 00:00:00', '0000-00-00 00:00:00'),
(1816, 246, 'Hereford and Worcester', 'HAW', '0000-00-00 00:00:00', '0000-00-00 00:00:00'),
(1827, 261, 'Gujarat', 'GJ', '0000-00-00 00:00:00', '0000-00-00 00:00:00'),
(1828, 275, 'Australian Capital Territory', 'ACT', '0000-00-00 00:00:00', '0000-00-00 00:00:00'),
(1829, 275, 'New South Wales', 'NSW', '0000-00-00 00:00:00', '0000-00-00 00:00:00'),
(1830, 275, 'Northern Territory', 'NT', '0000-00-00 00:00:00', '0000-00-00 00:00:00'),
(1831, 275, 'Queensland', 'QLD', '0000-00-00 00:00:00', '0000-00-00 00:00:00'),
(1832, 275, 'South Australia', 'SA', '0000-00-00 00:00:00', '0000-00-00 00:00:00'),
(1833, 275, 'Tasmania', 'TAS', '0000-00-00 00:00:00', '0000-00-00 00:00:00'),
(1834, 275, 'Victoria', 'VIC', '0000-00-00 00:00:00', '0000-00-00 00:00:00'),
(1835, 275, 'Western Australia', 'WA', '0000-00-00 00:00:00', '0000-00-00 00:00:00'),
(1836, 367, 'Antrim', 'ANT', '0000-00-00 00:00:00', '0000-00-00 00:00:00'),
(1837, 367, 'Armagh', 'ARM', '0000-00-00 00:00:00', '0000-00-00 00:00:00'),
(1838, 367, 'Carlow', 'CAR', '0000-00-00 00:00:00', '0000-00-00 00:00:00'),
(1839, 367, 'Cavan', 'CAV', '0000-00-00 00:00:00', '0000-00-00 00:00:00'),
(1840, 367, 'Clare', 'CLA', '0000-00-00 00:00:00', '0000-00-00 00:00:00'),
(1841, 367, 'Cork', 'COR', '0000-00-00 00:00:00', '0000-00-00 00:00:00'),
(1842, 367, 'Donegal', 'DON', '0000-00-00 00:00:00', '0000-00-00 00:00:00'),
(1843, 367, 'Down', 'DOW', '0000-00-00 00:00:00', '0000-00-00 00:00:00'),
(1844, 367, 'Derry', 'DRY', '0000-00-00 00:00:00', '0000-00-00 00:00:00'),
(1845, 367, 'Londonderry [Derry]', 'DRY', '0000-00-00 00:00:00', '0000-00-00 00:00:00'),
(1846, 367, 'Dublin', 'DUB', '0000-00-00 00:00:00', '0000-00-00 00:00:00'),
(1847, 367, 'Fermanagh', 'FER', '0000-00-00 00:00:00', '0000-00-00 00:00:00'),
(1848, 367, 'Galway', 'GAL', '0000-00-00 00:00:00', '0000-00-00 00:00:00'),
(1849, 367, 'Kerry', 'KER', '0000-00-00 00:00:00', '0000-00-00 00:00:00'),
(1850, 367, 'Kildare', 'KID', '0000-00-00 00:00:00', '0000-00-00 00:00:00'),
(1851, 367, 'Kilkenny', 'KIK', '0000-00-00 00:00:00', '0000-00-00 00:00:00'),
(1852, 367, 'Leitrim', 'LET', '0000-00-00 00:00:00', '0000-00-00 00:00:00'),
(1853, 367, 'Leix [Queens]', 'LEX', '0000-00-00 00:00:00', '0000-00-00 00:00:00'),
(1854, 367, 'Limerick', 'LIM', '0000-00-00 00:00:00', '0000-00-00 00:00:00'),
(1855, 367, 'Longford', 'LOG', '0000-00-00 00:00:00', '0000-00-00 00:00:00'),
(1856, 367, 'Louth', 'LOU', '0000-00-00 00:00:00', '0000-00-00 00:00:00'),
(1857, 367, 'Mayo', 'MAY', '0000-00-00 00:00:00', '0000-00-00 00:00:00'),
(1858, 367, 'Meath', 'MEA', '0000-00-00 00:00:00', '0000-00-00 00:00:00'),
(1859, 367, 'Monaghan', 'MOG', '0000-00-00 00:00:00', '0000-00-00 00:00:00'),
(1860, 367, 'Offaly [Kings]', 'OFF', '0000-00-00 00:00:00', '0000-00-00 00:00:00'),
(1861, 367, 'Roscommon', 'ROS', '0000-00-00 00:00:00', '0000-00-00 00:00:00'),
(1862, 367, 'Sligo', 'SLI', '0000-00-00 00:00:00', '0000-00-00 00:00:00'),
(1863, 367, 'Tipperary', 'TIP', '0000-00-00 00:00:00', '0000-00-00 00:00:00'),
(1864, 367, 'Tyrone', 'TYR', '0000-00-00 00:00:00', '0000-00-00 00:00:00'),
(1865, 367, 'Waterford', 'WAT', '0000-00-00 00:00:00', '0000-00-00 00:00:00'),
(1866, 367, 'Westmeath', 'WEM', '0000-00-00 00:00:00', '0000-00-00 00:00:00'),
(1867, 367, 'Wexford', 'WEX', '0000-00-00 00:00:00', '0000-00-00 00:00:00'),
(1868, 367, 'Wicklow', 'WIC', '0000-00-00 00:00:00', '0000-00-00 00:00:00'),
(1872, 439, 'Puerto Rico', 'PR', '0000-00-00 00:00:00', '0000-00-00 00:00:00'),
(1882, 510, 'Guj', 'GJ', '0000-00-00 00:00:00', '0000-00-00 00:00:00'),
(1883, 266, 'demo', 'de', '0000-00-00 00:00:00', '0000-00-00 00:00:00'),
(1884, 266, 'demo', 'de', '0000-00-00 00:00:00', '0000-00-00 00:00:00'),
(1885, 266, 'demo', 'de', '0000-00-00 00:00:00', '0000-00-00 00:00:00'),
(1886, 264, 'de', 'de', '0000-00-00 00:00:00', '0000-00-00 00:00:00'),
(1887, 363, 'de', 'de', '0000-00-00 00:00:00', '0000-00-00 00:00:00'),
(1889, 345, 'inn', 'in', '0000-00-00 00:00:00', '0000-00-00 00:00:00');

/*!40101 SET CHARACTER_SET_CLIENT=@OLD_CHARACTER_SET_CLIENT */;
/*!40101 SET CHARACTER_SET_RESULTS=@OLD_CHARACTER_SET_RESULTS */;
/*!40101 SET COLLATION_CONNECTION=@OLD_COLLATION_CONNECTION */;
